{
  "dataset": "breast_cancer",
  "features": [
    "mean radius",
    "mean texture"
  ],
  "C": 100.0,
  "margin": 2.813719758339671,
  "n_support": 108,
  "metrics": {
    "accuracy": 0.8713450292397661,
    "precision": 0.8761061946902655,
    "recall": 0.9252336448598131,
    "f1": 0.9
  }
}