C,margin,n_support,accuracy,precision,recall,f1
10000.0,1.6418714775521168,90,0.8713450292397661,0.8761061946902655,0.9252336448598131,0.9
