{
  "dataset": "breast_cancer",
  "features": [
    "mean radius",
    "mean texture"
  ],
  "C": 10000.0,
  "margin": 1.6418714775521168,
  "n_support": 90,
  "metrics": {
    "accuracy": 0.8713450292397661,
    "precision": 0.8761061946902655,
    "recall": 0.9252336448598131,
    "f1": 0.9
  }
}